t,psi_m,nu
0.00013007284079084286,0.0006034140618220111,0.9999999997663136
