t,psi_m,psi_l,nu
0.017301038062283405,0.000023528029442253407,9.06627475005185e-6,-66.99999917224672
0.03460207612456739,0.0001503855425491857,0.000028668942377193618,-66.99999028283595
0.051903114186854164,0.0007474974496243493,0.0004118210358953131,-66.99997419732155
0.06920415224914093,0.002015281565952726,0.0016514893510729454,-67.00007708143397
0.08650519031142771,0.0031420930007901972,-0.00008203004245494818,-67.00087291024609
0.10380622837371449,0.03130692702637674,-0.031206683481580403,-67.00344943747977
0.12110726643600127,0.2921230384619085,-0.10959333540590681,-67.00532925582985
0.1384083044982773,10.549493635266296,3.2003771974133524,-67.58874495396745
0.1557093425605502,24.01658657120974,17.383497567461156,-97.77430981941995
